{
    "levelsdata": {
        "test1": {
            "07b3a5fe-1cba-434d-b162-13a849cf21d8": {
                "ID": "07b3a5fe-1cba-434d-b162-13a849cf21d8",
                "position": {
                    "x": -2.481477,
                    "y": 0.1,
                    "z": -1.330468
                },
                "rotation": {
                    "x": 90.0,
                    "y": 0.0,
                    "z": 0.0
                },
                "prefab": "levelObjects/Coin",
                "data": []
            },
            "596f9687-9493-49c7-88e3-5919111eebd8": {
                "ID": "596f9687-9493-49c7-88e3-5919111eebd8",
                "position": {
                    "x": -2.42,
                    "y": 0.1,
                    "z": -0.65
                },
                "rotation": {
                    "x": 90.0,
                    "y": 0.0,
                    "z": 0.0
                },
                "prefab": "levelObjects/Coin",
                "data": []
            },
            "03360d96-56fa-4d50-92d1-a1535a2b772a": {
                "ID": "03360d96-56fa-4d50-92d1-a1535a2b772a",
                "position": {
                    "x": -1.725,
                    "y": 0.1,
                    "z": -1.077
                },
                "rotation": {
                    "x": 90.0,
                    "y": 0.0,
                    "z": 0.0
                },
                "prefab": "levelObjects/Coin",
                "data": []
            },
            "92a2383b-1ce9-4805-a495-169ceaa69ef2": {
                "ID": "92a2383b-1ce9-4805-a495-169ceaa69ef2",
                "position": {
                    "x": -1.6,
                    "y": 0.1,
                    "z": -0.411
                },
                "rotation": {
                    "x": 90.0,
                    "y": 0.0,
                    "z": 0.0
                },
                "prefab": "levelObjects/Coin",
                "data": []
            },
            "5ac1b216-fb9b-4d81-990e-9618b9f58989": {
                "ID": "5ac1b216-fb9b-4d81-990e-9618b9f58989",
                "position": {
                    "x": -1.839,
                    "y": 0.1,
                    "z": -1.707
                },
                "rotation": {
                    "x": 90.0,
                    "y": 0.0,
                    "z": 0.0
                },
                "prefab": "levelObjects/Coin",
                "data": []
            },
            "a1ed1ac3-9347-48f6-b0bd-bc9bc5e89997": {
                "ID": "a1ed1ac3-9347-48f6-b0bd-bc9bc5e89997",
                "position": {
                    "x": -2.291,
                    "y": 0.1,
                    "z": -2.319
                },
                "rotation": {
                    "x": 90.0,
                    "y": 0.0,
                    "z": 0.0
                },
                "prefab": "levelObjects/Coin",
                "data": []
            },
            "b3966e9a-0582-4f50-a8d0-2ad58a2622e8": {
                "ID": "b3966e9a-0582-4f50-a8d0-2ad58a2622e8",
                "position": {
                    "x": -1.852,
                    "y": 0.1,
                    "z": -2.518
                },
                "rotation": {
                    "x": 90.0,
                    "y": 0.0,
                    "z": 0.0
                },
                "prefab": "levelObjects/Coin",
                "data": []
            }
        },
        "test2": {
            "01a19eef-e89c-4b61-b639-a4c78f078cf5": {
                "ID": "01a19eef-e89c-4b61-b639-a4c78f078cf5",
                "position": {
                    "x": -1.657502,
                    "y": 0.09999962,
                    "z": -2.53922
                },
                "rotation": {
                    "x": 90.0,
                    "y": 0.0,
                    "z": 0.0
                },
                "prefab": "levelObjects/Coin",
                "data": []
            },
            "a7a08997-2386-40f0-b9f4-dc3103e1d013": {
                "ID": "a7a08997-2386-40f0-b9f4-dc3103e1d013",
                "position": {
                    "x": -0.5919843,
                    "y": 0.1,
                    "z": -2.750487
                },
                "rotation": {
                    "x": 90.0,
                    "y": 0.0,
                    "z": 0.0
                },
                "prefab": "levelObjects/Coin",
                "data": []
            },
            "becdbd56-0c33-427e-8114-c64259e80a2e": {
                "ID": "becdbd56-0c33-427e-8114-c64259e80a2e",
                "position": {
                    "x": -0.980075,
                    "y": 0.1,
                    "z": -1.633745
                },
                "rotation": {
                    "x": 90.0,
                    "y": 0.0,
                    "z": 0.0
                },
                "prefab": "levelObjects/Coin",
                "data": []
            },
            "a9ec8621-4095-44ec-bd50-bf9c3f10c97f": {
                "ID": "a9ec8621-4095-44ec-bd50-bf9c3f10c97f",
                "position": {
                    "x": -0.05595207,
                    "y": 0.1,
                    "z": -2.465465
                },
                "rotation": {
                    "x": 90.0,
                    "y": 0.0,
                    "z": 0.0
                },
                "prefab": "levelObjects/Coin",
                "data": []
            },
            "e9e2215e-b1a7-4b85-a26c-068b1311d7d2": {
                "ID": "e9e2215e-b1a7-4b85-a26c-068b1311d7d2",
                "position": {
                    "x": 1.477313,
                    "y": 0.43,
                    "z": -1.39
                },
                "rotation": {
                    "x": 0.0,
                    "y": 0.0,
                    "z": 0.0
                },
                "prefab": "levelObjects/Cube",
                "data": []
            }
        }
    },
    "$type": "SaveData"
}